TreeID,Species,Site_X,Site_Y,Tree_x,Tree_y,Coordinate System/Datum
A1#1,R. Maple,712370.96,5090895.99,712369.64,5090891.06,UTM Zone 15N/WGS 1984
A1#2,S. Alder,712370.96,5090895.99,712371.65,5090895.13,
A1#3,B. Fir,712370.96,5090895.99,712370.89,5090898.18,
A2#1,R. Maple,712345.90,5090895.12,712342.76,5090898.06,
A2#2,S. Alder,712345.90,5090895.12,712346.37,5090894.75,
A2#3,W. Cedar,712345.90,5090895.12,712351.63,5090896.90,
A3#1,Aspen,712295.78,5090893.40,712293.21,5090891.67,
A3#2,Aspen,712295.78,5090893.40,712292.58,5090893.26,
A3#3,B. Fir,712295.78,5090893.40,712299.63,5090889.47,
A4#1,Aspen,712195.54,5090889.96,712195.41,5090890.22,
A4#2,Aspen,712195.54,5090889.96,712194.95,5090889.16,
A4#3,B. Fir,712195.54,5090889.96,712196.36,5090890.33,
A5#1,Aspen,712170.48,5090889.10,712168.54,5090890.12,
A5#2,Aspen,712170.48,5090889.10,712170.58,5090887.50,
A5#3,B. Fir,712170.48,5090889.10,712171.61,5090891.88,
A6#1,Aspen,712120.37,5090887.37,712119.39,5090886.37,
A6#2,Aspen,712120.37,5090887.37,712121.01,5090887.10,
A6#3,B. Fir,712120.37,5090887.37,712120.01,5090889.14,
A7#1,S. Maple,712020.13,5090883.93,712020.12,5090883.43,
A7#2,Aspen,712020.13,5090883.93,712018.58,5090889.94,
A7#3,B. Fir,712020.13,5090883.93,712013.49,5090881.14,
A8#1,B. Fir,711995.07,5090883.07,711996.07,5090883.07,
A8#2,R. Maple,711995.07,5090883.07,711996.01,5090881.90,
A8#3,R. Maple,711995.07,5090883.07,711993.85,5090883.52,
A9#1,B. Fir,711944.95,5090881.35,711940.15,5090881.22,
A9#2,B. Fir,711944.95,5090881.35,711942.63,5090881.96,
A9#3,S. Maple,711944.95,5090881.35,711936.65,5090881.35,
A10#1,W. Birch,711844.72,5090877.91,711843.25,5090880.98,
A10#2,S. Alder,711844.72,5090877.91,711844.61,5090879.51,
A10#3,W. Cedar,711844.72,5090877.91,711840.52,5090879.81,
A11#1,S. Alder,711819.66,5090877.05,711821.55,5090878.83,
A11#2,W. Birch,711819.66,5090877.05,711820.25,5090879.99,
A11#3,B. Fir,711819.66,5090877.05,711821.47,5090875.33,
A12#1,W. Cedar,711769.54,5090875.33,711765.80,5090872.02,
A12#2,S. Alder,711769.54,5090875.33,711770.10,5090874.91,
A12#3,S. Maple,711769.54,5090875.33,711765.37,5090877.04,
B1#1,W. Cedar,712371.82,5090871.01,712371.31,5090867.75,
B1#2,R. Maple,712371.82,5090871.01,712374.16,5090871.53,
B1#3,R. Maple,712371.82,5090871.01,712375.62,5090873.02,
B2#1,S. Alder,712346.76,5090870.15,712348.22,5090869.83,
B2#2,R. Maple,712346.76,5090870.15,712344.48,5090871.77,
B2#3,B. Fir,712346.76,5090870.15,712349.81,5090870.67,
B3#1,B. Fir,712296.64,5090868.42,712296.24,5090867.29,
B3#2,Aspen,712296.64,5090868.42,712299.38,5090870.60,
B3#3,Aspen,712296.64,5090868.42,712299.31,5090870.19,
B4#1,Aspen,712196.40,5090864.98,712196.59,5090865.05,
B4#2,Aspen,712196.40,5090864.98,712198.53,5090866.80,
B4#3,B. Fir,712196.40,5090864.98,712195.66,5090868.09,
B5#1,Aspen,712171.34,5090864.12,712171.78,5090862.58,
B5#2,Aspen,712171.34,5090864.12,712169.68,5090864.80,
B5#3,B. Fir,712171.34,5090864.12,712169.51,5090863.09,
B6#1,B. Fir,712121.22,5090862.40,712121.54,5090862.78,
B6#2,Aspen,712121.22,5090862.40,712121.38,5090859.70,
B6#3,S. Maple,712121.22,5090862.40,712123.06,5090866.94,
B7#1,Aspen,712020.99,5090858.95,712018.73,5090857.88,
B7#2,S. Maple,712020.99,5090858.95,712021.66,5090858.21,
B7#3,Aspen,712020.99,5090858.95,712020.52,5090859.34,
B8#1,B. Fir,711995.93,5090858.09,711995.44,5090858.20,
B8#2,Aspen,711995.93,5090858.09,711996.17,5090857.66,
B8#3,Aspen,711995.93,5090858.09,712000.57,5090856.24,
B9#1,Aspen,711945.81,5090856.37,711948.95,5090856.96,
B9#2,R. Maple,711945.81,5090856.37,711947.23,5090858.67,
B9#3,W. Birch,711945.81,5090856.37,711944.49,5090854.61,
B10#1,R. Maple,711845.57,5090852.93,711840.45,5090854.93,
B10#2,W. Cedar,711845.57,5090852.93,711848.09,5090850.96,
B10#3,S. Alder,711845.57,5090852.93,711843.60,5090850.29,
B11#1,W. Birch,711820.51,5090852.07,711822.78,5090846.63,
B11#2,S. Alder,711820.51,5090852.07,711820.10,5090852.99,
B11#3,W. Birch,711820.51,5090852.07,711823.57,5090852.59,
B12#1,W. Cedar,711770.39,5090850.36,711773.71,5090848.12,
B12#2,B. Fir,711770.39,5090850.36,711769.02,5090849.20,
B12#3,S. Alder,711770.39,5090850.36,711769.13,5090851.77,
C1#1,R. Maple,712373.53,5090821.05,712372.98,5090821.28,
C1#2,B. Fir,712373.53,5090821.05,712371.22,5090822.00,
C1#3,R. Maple,712373.53,5090821.05,712374.59,5090824.50,
C2#1,S. Maple,712348.48,5090820.19,712348.65,5090820.97,
C2#2,W. Cedar,712348.48,5090820.19,712346.37,5090824.05,
C2#3,B. Fir,712348.48,5090820.19,712347.35,5090818.91,
C3#1,S. Alder,712298.36,5090818.47,712303.30,5090819.22,
C3#2,R. Maple,712298.36,5090818.47,712299.97,5090816.06,
C3#3,B. Fir,712298.36,5090818.47,712302.69,5090816.65,
C4#1,Aspen,712198.12,5090815.02,712198.11,5090813.72,
C4#2,B. Fir,712198.12,5090815.02,712198.84,5090820.27,
C4#3,Aspen,712198.12,5090815.02,712197.45,5090810.77,
C5#1,B. Aspen,712173.06,5090814.16,712176.56,5090812.69,
C5#2,Aspen,712173.06,5090814.16,712171.18,5090811.82,
C5#3,B. Fir,712173.06,5090814.16,712173.55,5090814.05,
C6#1,Aspen,712122.94,5090812.44,712119.65,5090816.46,
C6#2,Aspen,712122.94,5090812.44,712123.24,5090814.52,
C6#3,B. Fir,712122.94,5090812.44,712123.11,5090811.76,
C7#1,Aspen,712022.70,5090809.00,712022.26,5090812.17,
C7#2,B. Fir,712022.70,5090809.00,712024.11,5090806.47,
C7#3,Aspen,712022.70,5090809.00,712020.34,5090810.09,
C8#1,S. Alder,711997.64,5090808.14,711998.62,5090806.06,
C8#2,Aspen,711997.64,5090808.14,711995.76,5090809.78,
C8#3,B. Fir,711997.64,5090808.14,711997.37,5090809.51,
C9#1,Aspen,711947.52,5090806.42,711949.87,5090810.37,
C9#2,R. Maple,711947.52,5090806.42,711947.22,5090804.85,
C9#3,Aspen,711947.52,5090806.42,711949.61,5090803.73,
C10#1,W. Birch,711847.29,5090802.98,711848.39,5090804.77,
C10#2,S. Alder,711847.29,5090802.98,711844.53,5090807.27,
C10#3,B. Fir,711847.29,5090802.98,711848.74,5090800.13,
C11#1,Aspen,711822.23,5090802.12,711819.31,5090799.84,
C11#2,S. Alder,711822.23,5090802.12,711819.21,5090804.75,
C11#3,B. Fir,711822.23,5090802.12,711823.57,5090799.89,
C12#1,S. Alder,711772.11,5090800.40,711774.71,5090801.90,
C12#2,Aspen,711772.11,5090800.40,711771.20,5090799.97,
C12#3,B. Fir,711772.11,5090800.40,711771.67,5090800.95,
D1#1,R. Maple,712376.97,5090721.14,712375.61,5090720.50,
D1#2,B. Fir,712376.97,5090721.14,712377.49,5090720.68,
D1#3,W. Birch,712376.97,5090721.14,712375.16,5090719.72,
D2#1,R. Maple,712351.91,5090720.28,712351.12,5090722.23,
D2#2,B. Fir,712351.91,5090720.28,712351.19,5090719.92,
D2#3,R. Maple,712351.91,5090720.28,712356.77,5090715.97,
D3#1,S. Alder,712301.79,5090718.56,712304.88,5090713.65,
D3#2,B. Fir,712301.79,5090718.56,712303.55,5090714.09,
D3#3,R. Maple,712301.79,5090718.56,712298.58,5090726.10,
D4#1,Aspen,712201.55,5090715.11,712193.46,5090715.40,
D4#2,B. Fir,712201.55,5090715.11,712198.46,5090716.75,
D4#3,Aspen,712201.55,5090715.11,712202.77,5090715.56,
D5#1,Aspen,712176.49,5090714.25,712175.63,5090714.76,
D5#2,S. Alder,712176.49,5090714.25,712174.90,5090714.84,
D5#3,B. Fir,712176.49,5090714.25,712175.12,5090712.94,
D6#1,B. Fir,712126.37,5090712.53,712124.39,5090712.81,
D6#2,Aspen,712126.37,5090712.53,712128.91,5090716.48,
D6#3,Aspen,712126.37,5090712.53,712129.44,5090711.07,
D7#1,Aspen,712026.13,5090709.09,712026.16,5090708.89,
D7#2,S. Alder,712026.13,5090709.09,712023.36,5090708.72,
D7#3,B. Fir,712026.13,5090709.09,712025.56,5090705.84,
D8#1,Aspen,712001.07,5090708.23,712001.68,5090708.56,
D8#2,S. Alder,712001.07,5090708.23,711998.30,5090708.65,
D8#3,B. Fir,712001.07,5090708.23,711999.48,5090708.07,
D9#1,Aspen,711950.95,5090706.51,711950.59,5090706.85,
D9#2,Aspen,711950.95,5090706.51,711948.50,5090703.34,
D9#3,B. Fir,711950.95,5090706.51,711948.98,5090705.53,
D10#1,Aspen,711850.71,5090703.07,711849.38,5090704.27,
D10#2,Aspen,711850.71,5090703.07,711851.99,5090701.15,
D10#3,B. Fir,711850.71,5090703.07,711850.82,5090701.27,
D11#1,Aspen,711825.65,5090702.21,711824.35,5090702.15,
D11#2,Aspen,711825.65,5090702.21,711826.50,5090703.32,
D11#3,B. Fir,711825.65,5090702.21,711826.14,5090702.12,
D12#1,B. Fir,711775.53,5090700.49,711778.15,5090699.83,
D12#2,S. Alder,711775.53,5090700.49,711777.58,5090700.95,
D12#3,S. Alder,711775.53,5090700.49,711775.22,5090701.44,
E1#1,R. Maple,712377.83,5090696.16,712377.92,5090698.96,
E1#2,Aspen,712377.83,5090696.16,712372.69,5090689.77,
E1#3,R. Maple,712377.83,5090696.16,712375.93,5090693.71,
E2#1,B. Fir,712352.77,5090695.30,712355.34,5090694.89,
E2#2,S. Alder,712352.77,5090695.30,712353.85,5090689.70,
E2#3,R. Maple,712352.77,5090695.30,712358.93,5090697.04,
E3#1,R. Maple,712302.65,5090693.58,712301.52,5090693.99,
E3#2,R. Maple,712302.65,5090693.58,712305.67,5090691.81,
E3#3,W. Cedar,712302.65,5090693.58,712299.82,5090690.47,
E4#1,Aspen,712202.41,5090690.13,712204.65,5090687.58,
E4#2,Aspen,712202.41,5090690.13,712197.61,5090689.92,
E4#3,B. Fir,712202.41,5090690.13,712197.90,5090684.91,
E5#1,Aspen,712177.35,5090689.27,712176.80,5090689.52,
E5#2,B. Fir,712177.35,5090689.27,712180.74,5090688.05,
E5#3,Aspen,712177.35,5090689.27,712172.98,5090688.77,
E6#1,Aspen,712127.23,5090687.55,712127.77,5090687.11,
E6#2,Aspen,712127.23,5090687.55,712129.49,5090687.11,
E6#3,B. Fir,712127.23,5090687.55,712127.95,5090684.64,
E7#1,Aspen,712026.99,5090684.11,712028.05,5090684.86,
E7#2,B. Fir,712026.99,5090684.11,712024.73,5090686.38,
E7#3,Aspen,712026.99,5090684.11,712026.07,5090681.89,
E8#1,Aspen,712001.93,5090683.25,712000.26,5090681.25,
E8#2,Aspen,712001.93,5090683.25,712002.29,5090681.38,
E8#3,B. Fir,712001.93,5090683.25,712001.98,5090686.85,
E9#1,Aspen,711951.81,5090681.53,711955.37,5090684.75,
E9#2,B. Fir,711951.81,5090681.53,711950.18,5090686.26,
E9#3,Aspen,711951.81,5090681.53,711950.56,5090676.48,
E10#1,Aspen,711851.57,5090678.09,711851.92,5090677.37,
E10#2,Aspen,711851.57,5090678.09,711848.31,5090680.04,
E10#3,B. Fir,711851.57,5090678.09,711850.31,5090677.77,
E11#1,R. Maple,711826.51,5090677.23,711824.54,5090677.96,
E11#2,W. Birch,711826.51,5090677.23,711827.78,5090673.65,
E11#3,B. Fir,711826.51,5090677.23,711827.61,5090679.81,
E12#1,W. Cedar,711776.39,5090675.51,711777.50,5090676.66,
E12#2,S. Alder,711776.39,5090675.51,711776.86,5090676.72,
E12#3,S. Alder,711776.39,5090675.51,711774.59,5090673.92,
F1#1,R. Maple,712379.55,5090646.21,712377.38,5090642.96,
F1#2,R. Maple,712379.55,5090646.21,712377.48,5090645.84,
F1#3,B. Fir,712379.55,5090646.21,712378.52,5090651.30,
F2#1,W. Birch,712354.49,5090645.35,712352.80,5090645.56,
F2#2,B. Fir,712354.49,5090645.35,712353.35,5090645.72,
F2#3,R. Maple,712354.49,5090645.35,712356.26,5090647.25,
F3#1,B. Aspen,712304.37,5090643.62,712303.47,5090643.50,
F3#2,R. Maple,712304.37,5090643.62,712304.77,5090648.41,
F3#3,B. Fir,712304.37,5090643.62,712303.79,5090643.47,
F4#1,Aspen,712204.13,5090640.18,712202.85,5090640.77,
F4#2,Aspen,712204.13,5090640.18,712205.97,5090640.63,
F4#3,B. Fir,712204.13,5090640.18,712204.32,5090640.53,
F5#1,Aspen,712179.07,5090639.32,712178.84,5090638.65,
F5#2,B. Fir,712179.07,5090639.32,712180.38,5090640.04,
F5#3,Aspen,712179.07,5090639.32,712177.98,5090634.95,
F6#1,B. Fir,712128.94,5090637.60,712128.99,5090639.19,
F6#2,R. Maple,712128.94,5090637.60,712128.75,5090634.30,
F6#3,Aspen,712128.94,5090637.60,712126.57,5090643.76,
F7#1,Aspen,712028.70,5090634.15,712026.86,5090630.38,
F7#2,Aspen,712028.70,5090634.15,712034.12,5090635.57,
F7#3,B. Fir,712028.70,5090634.15,712032.68,5090633.15,
F8#1,R. Maple,712003.64,5090633.29,712004.18,5090627.52,
F8#2,Aspen,712003.64,5090633.29,712003.37,5090633.94,
F8#3,B. Fir,712003.64,5090633.29,712004.10,5090629.72,
F9#1,W. Birch,711953.52,5090631.57,711956.47,5090628.17,
F9#2,Aspen,711953.52,5090631.57,711948.48,5090629.96,
F9#3,R. Maple,711953.52,5090631.57,711958.94,5090633.91,
F10#1,Aspen,711853.28,5090628.13,711853.37,5090624.23,
F10#2,R. Maple,711853.28,5090628.13,711853.62,5090627.41,
F10#3,R. Maple,711853.28,5090628.13,711850.59,5090627.35,
F11#1,W. Cedar,711828.22,5090627.27,711826.83,5090629.10,
F11#2,R. Maple,711828.22,5090627.27,711833.26,5090622.13,
F11#3,W. Cedar,711828.22,5090627.27,711824.24,5090623.20,
F12#1,W. Cedar,711778.10,5090625.56,711776.57,5090621.22,
F12#2,B. Fir,711778.10,5090625.56,711781.62,5090627.00,
F12#3,W. Cedar,711778.10,5090625.56,711780.25,5090626.04,
G1#1,Aspen,712382.98,5090546.30,712381.88,5090546.98,
G1#2,Aspen,712382.98,5090546.30,712384.46,5090544.94,
G1#3,B. Fir,712382.98,5090546.30,712383.31,5090542.81,
G2#1,R. Pine,712357.92,5090545.43,712355.63,5090545.25,
G2#2,R. Maple,712357.92,5090545.43,712357.02,5090545.47,
G2#3,R. Pine,712357.92,5090545.43,712356.14,5090542.66,
G3#1,R. Maple,712307.80,5090543.71,712306.33,5090542.21,
G3#2,R. Pine,712307.80,5090543.71,712307.74,5090542.11,
G3#3,R. Pine,712307.80,5090543.71,712307.99,5090543.66,
G4#1,R. Maple,712207.56,5090540.27,712210.73,5090542.70,
G4#2,R. Pine,712207.56,5090540.27,712205.76,5090540.36,
G4#3,B. Fir,712207.56,5090540.27,712208.94,5090540.02,
G5#1,S. Alder,712182.50,5090539.41,712183.71,5090538.07,
G5#2,R. Pine,712182.50,5090539.41,712191.12,5090534.34,
G5#3,W. Birch,712182.50,5090539.41,712182.88,5090547.20,
G6#1,B. Fir,712132.38,5090537.68,712135.79,5090532.75,
G6#2,Aspen,712132.38,5090537.68,712131.86,5090536.71,
G6#3,S. Maple,712132.38,5090537.68,712135.24,5090536.26,
G7#1,Aspen,712032.13,5090534.24,712032.23,5090536.14,
G7#2,S. Alder,712032.13,5090534.24,712031.91,5090533.58,
G7#3,Blk. Ash,712032.13,5090534.24,712029.34,5090534.12,
G8#1,R. Maple,712007.07,5090533.38,712009.74,5090536.36,
G8#2,Aspen,712007.07,5090533.38,712005.47,5090538.33,
G8#3,W. Birch,712007.07,5090533.38,712008.50,5090535.19,
G9#1,Aspen,711956.95,5090531.66,711952.95,5090531.80,
G9#2,W. Birch,711956.95,5090531.66,711954.99,5090526.42,
G9#3,B. Fir,711956.95,5090531.66,711957.27,5090533.84,
G10#1,Aspen,711856.71,5090528.22,711856.21,5090528.27,
G10#2,B. Fir,711856.71,5090528.22,711855.16,5090526.96,
G10#3,Aspen,711856.71,5090528.22,711863.79,5090530.98,
G11#1,W. Birch,711831.65,5090527.36,711835.04,5090520.12,
G11#2,Aspen,711831.65,5090527.36,711836.44,5090520.95,
G11#3,B. Fir,711831.65,5090527.36,711822.48,5090529.43,
G12#1,B. Fir,711781.53,5090525.64,711779.47,5090526.88,
G12#2,R. Maple,711781.53,5090525.64,711776.90,5090528.42,
G12#3,R. Maple,711781.53,5090525.64,711786.28,5090531.45,
H1#1,R. Pine,712383.84,5090521.32,712383.83,5090518.22,
H1#2,R. Maple,712383.84,5090521.32,712376.74,5090521.13,
H1#3,B. Fir,712383.84,5090521.32,712379.95,5090521.15,
H2#1,R. Maple,712358.78,5090520.46,712358.53,5090523.45,
H2#2,W. Birch,712358.78,5090520.46,712357.08,5090519.22,
H2#3,B. Fir,712358.78,5090520.46,712358.59,5090520.23,
H3#1,R. Maple,712308.66,5090518.73,712308.80,5090515.14,
H3#2,R. Pine,712308.66,5090518.73,712305.64,5090516.96,
H3#3,B. Fir,712308.66,5090518.73,712307.59,5090519.47,
H4#1,R. Pine,712208.42,5090515.29,712208.30,5090512.29,
H4#2,S. Maple,712208.42,5090515.29,712209.40,5090516.28,
H4#3,Aspen,712208.42,5090515.29,712211.29,5090512.96,
H5#1,R. Maple,712183.36,5090514.43,712184.11,5090512.04,
H5#2,R. Pine,712183.36,5090514.43,712185.12,5090513.48,
H5#3,R. Maple,712183.36,5090514.43,712182.36,5090519.84,
H6#1,R. Pine,712133.23,5090512.71,712132.27,5090511.69,
H6#2,Aspen,712133.23,5090512.71,712138.75,5090510.09,
H6#3,R. Maple,712133.23,5090512.71,712127.24,5090515.48,
H7#1,Aspen,712032.99,5090509.26,712030.41,5090508.97,
H7#2,B. Fir,712032.99,5090509.26,712031.96,5090506.34,
H7#3,R. Maple,712032.99,5090509.26,712038.07,5090509.71,
H8#1,R. Maple,712007.93,5090508.40,712007.70,5090502.61,
H8#2,R. Maple,712007.93,5090508.40,712009.18,5090505.68,
H8#3,Aspen,712007.93,5090508.40,712010.21,5090506.62,
H9#1,B. Fir,711957.81,5090506.68,711964.91,5090507.89,
H9#2,Aspen,711957.81,5090506.68,711958.15,5090504.92,
H9#3,R. Maple,711957.81,5090506.68,711961.61,5090508.69,
H10#1,Aspen,711857.57,5090503.24,711865.96,5090505.13,
H10#2,Aspen,711857.57,5090503.24,711865.95,5090506.51,
H10#3,Aspen,711857.57,5090503.24,711862.73,5090507.36,
H11#1,Aspen,711832.51,5090502.38,711833.20,5090503.11,
H11#2,Aspen,711832.51,5090502.38,711830.53,5090505.86,
H11#3,Aspen,711832.51,5090502.38,711839.19,5090502.86,
H12#1,B. Fir,711782.38,5090500.67,711782.77,5090500.55,
H12#2,W. Birch,711782.38,5090500.67,711782.85,5090506.15,
H12#3,Aspen,711782.38,5090500.67,711784.48,5090498.24,
I1#1,Blk. Ash,712385.56,5090471.36,712381.65,5090467.07,
I1#2,R. Maple,712385.56,5090471.36,712389.19,5090476.51,
I1#3,Blk. Ash,712385.56,5090471.36,712377.40,5090474.38,
I2#1,R. Maple,712360.50,5090470.50,712359.92,5090466.04,
I2#2,R. Maple,712360.50,5090470.50,712361.54,5090471.71,
I2#3,B. Fir,712360.50,5090470.50,712361.39,5090472.94,
I3#1,Aspen,712310.38,5090468.78,712313.27,5090467.99,
I3#2,R. Maple,712310.38,5090468.78,712313.41,5090462.58,
I3#3,R. Maple,712310.38,5090468.78,712312.10,5090476.59,
I4#1,S. Maple,712210.13,5090465.33,712210.73,5090465.30,
I4#2,R. Pine,712210.13,5090465.33,712210.75,5090462.40,
I4#3,R. Pine,712210.13,5090465.33,712208.13,5090466.24,
I5#1,R. Maple,712185.07,5090464.47,712182.19,5090465.87,
I5#2,R. Maple,712185.07,5090464.47,712185.32,5090469.47,
I5#3,R. Pine,712185.07,5090464.47,712185.96,5090473.13,
I6#1,R. Maple,712134.95,5090462.75,712137.82,5090463.18,
I6#2,Aspen,712134.95,5090462.75,712137.80,5090463.69,
I6#3,Aspen,712134.95,5090462.75,712135.08,5090466.95,
I7#1,Aspen,712034.71,5090459.31,712033.55,5090459.90,
I7#2,Aspen,712034.71,5090459.31,712035.08,5090461.98,
I7#3,Aspen,712034.71,5090459.31,712030.29,5090458.02,
I8#1,Aspen,712009.65,5090458.45,712009.47,5090458.20,
I8#2,Aspen,712009.65,5090458.45,712010.80,5090455.36,
I8#3,B. Fir,712009.65,5090458.45,712013.58,5090455.37,
I9#1,Aspen,711959.52,5090456.73,711959.16,5090456.25,
I9#2,Aspen,711959.52,5090456.73,711958.60,5090456.14,
I9#3,B. Fir,711959.52,5090456.73,711959.78,5090454.44,
I10#1,Aspen,711859.28,5090453.29,711861.85,5090453.68,
I10#2,Aspen,711859.28,5090453.29,711860.05,5090452.82,
I10#3,Y. Birch,711859.28,5090453.29,711859.14,5090455.38,
I11#1,W. Birch,711834.22,5090452.43,711832.84,5090453.02,
I11#2,Blk. Ash,711834.22,5090452.43,711840.52,5090452.43,
I11#3,B. Fir,711834.22,5090452.43,711832.35,5090453.59,
I12#1,W. Birch,711784.10,5090450.71,711785.53,5090450.00,
I12#2,Blk. Ash,711784.10,5090450.71,711783.31,5090454.63,
I12#3,Blk. Ash,711784.10,5090450.71,711787.42,5090451.81,
J1#1,B. Fir,712388.99,5090371.45,712391.43,5090372.35,
J1#2,B. Fir,712388.99,5090371.45,712389.80,5090373.06,
J1#3,B. Aspen,712388.99,5090371.45,712389.73,5090372.27,
J2#1,Aspen,712363.93,5090370.59,712367.37,5090371.66,
J2#2,B. Aspen,712363.93,5090370.59,712364.07,5090370.32,
J2#3,B. Fir,712363.93,5090370.59,712361.62,5090369.39,
J3#1,Aspen,712313.81,5090368.87,712311.47,5090365.62,
J3#2,B. Fir,712313.81,5090368.87,712316.87,5090372.17,
J3#3,R. Maple,712313.81,5090368.87,712313.48,5090371.24,
J4#1,R. Pine,712213.57,5090365.42,712210.10,5090362.71,
J4#2,R. Pine,712213.57,5090365.42,712215.38,5090365.99,
J4#3,R. Maple,712213.57,5090365.42,712213.05,5090367.56,
J5#1,B. Fir,712188.50,5090364.56,712186.55,5090362.42,
J5#2,R. Pine,712188.50,5090364.56,712193.67,5090362.39,
J5#3,R. Maple,712188.50,5090364.56,712188.09,5090364.99,
J6#1,Y. Birch,712138.38,5090362.84,712145.04,5090365.30,
J6#2,S. Alder,712138.38,5090362.84,712140.36,5090363.80,
J6#3,B. Fir,712138.38,5090362.84,712139.03,5090364.19,
J7#1,S. Alder,712038.14,5090359.40,712037.32,5090360.89,
J7#2,S. Alder,712038.14,5090359.40,712035.17,5090357.73,
J7#3,B. Fir,712038.14,5090359.40,712034.55,5090360.94,
J8#1,S. Alder,712013.07,5090358.54,712014.17,5090358.53,
J8#2,S. Alder,712013.07,5090358.54,712013.67,5090359.34,
J8#3,B. Fir,712013.07,5090358.54,712015.27,5090358.73,
J9#1,Aspen,711962.95,5090356.82,711959.68,5090354.70,
J9#2,R. Maple,711962.95,5090356.82,711966.25,5090356.93,
J9#3,Aspen,711962.95,5090356.82,711963.98,5090357.20,
J10#1,Aspen,711862.71,5090353.38,711866.44,5090352.26,
J10#2,S. Maple,711862.71,5090353.38,711867.93,5090354.27,
J10#3,W. Birch,711862.71,5090353.38,711860.07,5090358.21,
J11#1,R. Maple,711837.64,5090352.52,711838.85,5090349.13,
J11#2,R. Maple,711837.64,5090352.52,711839.80,5090348.12,
J11#3,B. Fir,711837.64,5090352.52,711837.44,5090352.74,
J12#1,Y. Birch,711787.52,5090350.80,711787.04,5090344.42,
J12#2,B. Fir,711787.52,5090350.80,711788.06,5090358.88,
J12#3,Y. Birch,711787.52,5090350.80,711781.64,5090356.51,
K1#1,R. Maple,712389.85,5090346.47,712390.74,5090342.27,
K1#2,Aspen,712389.85,5090346.47,712395.39,5090348.52,
K1#3,B. Fir,712389.85,5090346.47,712386.67,5090348.16,
K2#1,R. Maple,712364.79,5090345.61,712359.64,5090346.87,
K2#2,Y. Birch,712364.79,5090345.61,712368.28,5090345.86,
K2#3,R. Maple,712364.79,5090345.61,712367.06,5090345.21,
K3#1,R. Maple,712314.67,5090343.89,712315.46,5090343.99,
K3#2,B. Fir,712314.67,5090343.89,712315.18,5090341.65,
K3#3,R. Maple,712314.67,5090343.89,712310.62,5090341.51,
K4#1,R. Pine,712214.42,5090340.44,712215.64,5090341.32,
K4#2,R. Pine,712214.42,5090340.44,712214.46,5090343.44,
K4#3,S. Maple,712214.42,5090340.44,712217.68,5090343.83,
K5#1,R. Pine,712189.36,5090339.58,712186.86,5090334.24,
K5#2,R. Maple,712189.36,5090339.58,712187.90,5090336.85,
K5#3,R. Pine,712189.36,5090339.58,712191.69,5090339.00,
K6#1,B. Fir,712139.24,5090337.86,712140.63,5090338.04,
K6#2,Aspen,712139.24,5090337.86,712137.94,5090333.97,
K6#3,S. Alder,712139.24,5090337.86,712139.39,5090341.06,
K7#1,S. Alder,712038.99,5090334.42,712039.91,5090335.97,
K7#2,S. Alder,712038.99,5090334.42,712040.68,5090335.67,
K7#3,B. Fir,712038.99,5090334.42,712042.80,5090333.20,
K8#1,Blk. Ash,712013.93,5090333.56,712012.63,5090337.13,
K8#2,Blk. Ash,712013.93,5090333.56,712011.48,5090337.69,
K8#3,S. Alder,712013.93,5090333.56,712013.57,5090331.49,
K9#1,B. Fir,711963.81,5090331.84,711963.57,5090331.29,
K9#2,Aspen,711963.81,5090331.84,711962.48,5090335.93,
K9#3,Aspen,711963.81,5090331.84,711964.06,5090334.83,
K10#1,Y. Birch,711863.56,5090328.40,711861.05,5090331.11,
K10#2,B. Fir,711863.56,5090328.40,711862.05,5090328.93,
K10#3,R. Maple,711863.56,5090328.40,711859.69,5090327.95,
K11#1,R. Maple,711838.50,5090327.54,711839.03,5090328.00,
K11#2,Aspen,711838.50,5090327.54,711842.68,5090325.87,
K11#3,Aspen,711838.50,5090327.54,711840.42,5090332.27,
K12#1,W. Birch,711788.38,5090325.82,711787.19,5090323.85,
K12#2,W. Birch,711788.38,5090325.82,711788.02,5090327.59,
K12#3,R. Maple,711788.38,5090325.82,711785.39,5090323.48,
L1#1,R. Maple,712391.57,5090296.52,712395.72,5090297.97,
L1#2,R. Maple,712391.57,5090296.52,712389.86,5090302.69,
L1#3,B. Fir,712391.57,5090296.52,712387.88,5090294.97,
L2#1,B. Fir,712366.51,5090295.66,712366.03,5090293.72,
L2#2,B. Fir,712366.51,5090295.66,712364.85,5090295.30,
L2#3,Aspen,712366.51,5090295.66,712368.04,5090296.61,
L3#1,R. Maple,712316.39,5090293.93,712315.44,5090294.50,
L3#2,R. Maple,712316.39,5090293.93,712315.09,5090294.00,
L3#3,B. Fir,712316.39,5090293.93,712316.57,5090293.26,
L4#1,R. Maple,712216.14,5090290.49,712215.88,5090289.52,
L4#2,R. Pine,712216.14,5090290.49,712221.31,5090285.20,
L4#3,Aspen,712216.14,5090290.49,712215.09,5090292.19,
L5#1,Aspen,712191.08,5090289.63,712193.32,5090286.07,
L5#2,R. Pine,712191.08,5090289.63,712188.86,5090292.34,
L5#3,R. Pine,712191.08,5090289.63,712193.05,5090289.28,
L6#1,R. Pine,712140.95,5090287.91,712139.65,5090284.23,
L6#2,R. Pine,712140.95,5090287.91,712143.21,5090289.20,
L6#3,S. Maple,712140.95,5090287.91,712139.82,5090286.14,
L7#1,R. Maple,712040.71,5090284.46,712041.40,5090280.02,
L7#2,Y. Birch,712040.71,5090284.46,712039.59,5090283.19,
L7#3,B. Fir,712040.71,5090284.46,712041.69,5090286.43,
L8#1,W. Birch,712015.65,5090283.60,712012.71,5090286.88,
L8#2,R. Maple,712015.65,5090283.60,712013.58,5090283.96,
L8#3,Blk. Ash,712015.65,5090283.60,712012.29,5090284.17,
L9#1,R. Maple,711965.52,5090281.88,711962.15,5090284.38,
L9#2,R. Maple,711965.52,5090281.88,711964.75,5090286.11,
L9#3,Blk. Ash,711965.52,5090281.88,711963.89,5090286.92,
L10#1,B. Fir,711865.28,5090278.44,711865.09,5090279.22,
L10#2,B. Fir,711865.28,5090278.44,711865.19,5090277.35,
L10#3,B. Aspen,711865.28,5090278.44,711864.35,5090276.79,
L11#1,B. Aspen,711840.21,5090277.59,711842.48,5090278.64,
L11#2,R. Maple,711840.21,5090277.59,711839.07,5090280.14,
L11#3,B. Fir,711840.21,5090277.59,711842.03,5090275.73,
L12#1,W. Birch,711790.09,5090275.87,711789.98,5090274.87,
L12#2,W. Birch,711790.09,5090275.87,711789.24,5090275.02,
L12#3,Aspen,711790.09,5090275.87,711789.99,5090271.47,
M1#1,S. Maple,711141.53,5092511.80,711140.89,5092510.34,
M1#2,S. Maple,711141.53,5092511.80,711142.29,5092516.95,
M1#3,S. Maple,711141.53,5092511.80,711146.08,5092512.99,
M2#1,S. Maple,711116.48,5092510.94,711121.63,5092506.21,
M2#2,R. Pine,711116.48,5092510.94,711119.58,5092504.33,
M2#3,R. Pine,711116.48,5092510.94,711109.32,5092511.71,
M3#1,R. Maple,711066.37,5092509.23,711067.01,5092512.37,
M3#2,R. Pine,711066.37,5092509.23,711064.02,5092508.77,
M3#3,R. Pine,711066.37,5092509.23,711067.91,5092508.77,
M4#1,S. Maple,710966.16,5092505.81,710965.42,5092504.62,
M4#2,S. Maple,710966.16,5092505.81,710970.00,5092504.69,
M4#3,S. Maple,710966.16,5092505.81,710963.59,5092499.62,
M5#1,S. Maple,710941.11,5092504.95,710944.81,5092500.35,
M5#2,R. Pine,710941.11,5092504.95,710938.63,5092508.34,
M5#3,R. Pine,710941.11,5092504.95,710945.57,5092504.35,
M6#1,R. Pine,710891.01,5092503.24,710891.36,5092502.88,
M6#2,S. Maple,710891.01,5092503.24,710890.43,5092503.39,
M6#3,B. Fir,710891.01,5092503.24,710890.33,5092504.23,
M7#1,S. Maple,710790.80,5092499.81,710787.78,5092498.25,
M7#2,S. Maple,710790.80,5092499.81,710787.75,5092498.10,
M7#3,S. Maple,710790.80,5092499.81,710785.59,5092500.79,
M8#1,S. Maple,710765.74,5092498.96,710762.77,5092497.77,
M8#2,S. Maple,710765.74,5092498.96,710760.08,5092494.68,
M8#3,W. Birch,710765.74,5092498.96,710768.77,5092495.76,
M9#1,S. Maple,710715.64,5092497.25,710709.72,5092498.25,
M9#2,S. Maple,710715.64,5092497.25,710716.58,5092493.46,
M9#3,S. Maple,710715.64,5092497.25,710722.98,5092494.61,
M10#1,S. Maple,710615.43,5092493.83,710609.77,5092490.64,
M10#2,S. Maple,710615.43,5092493.83,710618.56,5092496.32,
M10#3,Y. Birch,710615.43,5092493.83,710614.86,5092486.25,
M11#1,S. Maple,710590.38,5092492.97,710594.22,5092494.40,
M11#2,Aspen,710590.38,5092492.97,710588.09,5092491.19,
M11#3,Aspen,710590.38,5092492.97,710591.58,5092493.47,
M12#1,Aspen,710540.27,5092491.26,710539.50,5092489.75,
M12#2,Aspen,710540.27,5092491.26,710541.35,5092490.54,
M12#3,Aspen,710540.27,5092491.26,710537.97,5092491.16,
N1#1,S. Maple,711142.39,5092486.82,711141.63,5092488.00,
N1#2,R. Maple,711142.39,5092486.82,711139.94,5092489.46,
N1#3,S. Maple,711142.39,5092486.82,711138.66,5092484.89,
N2#1,S. Maple,711117.33,5092485.97,711116.94,5092482.89,
N2#2,S. Maple,711117.33,5092485.97,711120.73,5092488.92,
N2#3,R. Pine,711117.33,5092485.97,711123.44,5092480.35,
N3#1,S. Maple,711067.23,5092484.25,711062.51,5092485.14,
N3#2,S. Maple,711067.23,5092484.25,711067.52,5092485.21,
N3#3,R. Pine,711067.23,5092484.25,711072.59,5092479.75,
N4#1,R. Pine,710967.02,5092480.83,710968.30,5092479.04,
N4#2,S. Maple,710967.02,5092480.83,710970.63,5092485.75,
N4#3,R. Pine,710967.02,5092480.83,710966.40,5092477.28,
N5#1,R. Pine,710941.97,5092479.97,710942.82,5092479.13,
N5#2,R. Pine,710941.97,5092479.97,710939.77,5092478.78,
N5#3,S. Maple,710941.97,5092479.97,710938.44,5092480.70,
N6#1,S. Maple,710891.86,5092478.26,710889.29,5092484.01,
N6#2,S. Maple,710891.86,5092478.26,710889.00,5092480.76,
N6#3,R. Pine,710891.86,5092478.26,710893.08,5092471.27,
N7#1,S. Maple,710791.65,5092474.84,710792.19,5092475.79,
N7#2,S. Maple,710791.65,5092474.84,710791.57,5092475.43,
N7#3,R. Maple,710791.65,5092474.84,710794.67,5092465.83,
N8#1,R. Maple,710766.60,5092473.98,710768.45,5092470.21,
N8#2,S. Maple,710766.60,5092473.98,710760.03,5092474.68,
N8#3,S. Maple,710766.60,5092473.98,710762.60,5092464.82,
N9#1,R. Maple,710716.49,5092472.27,710721.72,5092473.64,
N9#2,R. Maple,710716.49,5092472.27,710712.78,5092473.10,
N9#3,S. Maple,710716.49,5092472.27,710721.24,5092476.71,
N10#1,S. Maple,710616.28,5092468.85,710617.42,5092463.88,
N10#2,S. Maple,710616.28,5092468.85,710615.29,5092470.59,
N10#3,S. Maple,710616.28,5092468.85,710619.35,5092469.29,
N11#1,R. Maple,710591.23,5092468.00,710588.32,5092464.69,
N11#2,S. Maple,710591.23,5092468.00,710590.63,5092468.67,
N11#3,S. Maple,710591.23,5092468.00,710588.03,5092464.84,
N12#1,S. Maple,710541.12,5092466.29,710541.47,5092466.08,
N12#2,S. Maple,710541.12,5092466.29,710541.29,5092466.53,
N12#3,S. Maple,710541.12,5092466.29,710540.97,5092467.58,
O1#1,B. Aspen,711144.10,5092436.87,711142.26,5092432.65,
O1#2,S. Maple,711144.10,5092436.87,711144.18,5092438.67,
O1#3,S. Maple,711144.10,5092436.87,711141.03,5092437.33,
O2#1,B. Aspen,711119.04,5092436.01,711119.57,5092438.04,
O2#2,S. Maple,711119.04,5092436.01,711122.65,5092436.82,
O2#3,S. Maple,711119.04,5092436.01,711122.75,5092432.22,
O3#1,S. Maple,711068.94,5092434.30,711070.63,5092436.00,
O3#2,S. Maple,711068.94,5092434.30,711073.93,5092436.35,
O3#3,S. Maple,711068.94,5092434.30,711073.53,5092432.92,
O4#1,R. Pine,710968.73,5092430.87,710971.81,5092429.70,
O4#2,R. Pine,710968.73,5092430.87,710970.22,5092428.63,
O4#3,S. Maple,710968.73,5092430.87,710972.03,5092430.84,
O5#1,R. Pine,710943.67,5092430.02,710943.12,5092426.86,
O5#2,R. Pine,710943.67,5092430.02,710942.67,5092431.39,
O5#3,S. Maple,710943.67,5092430.02,710946.87,5092429.99,
O6#1,R. Pine,710893.57,5092428.30,710895.16,5092427.27,
O6#2,R. Pine,710893.57,5092428.30,710889.77,5092429.56,
O6#3,S. Maple,710893.57,5092428.30,710890.77,5092423.68,
O7#1,R. Maple,710793.36,5092424.88,710791.83,5092427.92,
O7#2,S. Maple,710793.36,5092424.88,710792.63,5092422.59,
O7#3,S. Maple,710793.36,5092424.88,710793.29,5092429.98,
O8#1,Y. Birch,710768.30,5092424.03,710761.20,5092423.96,
O8#2,R. Maple,710768.30,5092424.03,710767.65,5092433.90,
O8#3,R. Maple,710768.30,5092424.03,710774.57,5092431.69,
O9#1,S. Maple,710718.20,5092422.31,710718.59,5092418.74,
O9#2,R. Maple,710718.20,5092422.31,710722.11,5092425.10,
O9#3,S. Maple,710718.20,5092422.31,710724.05,5092425.15,
O10#1,R. Maple,710617.99,5092418.89,710614.93,5092425.74,
O10#2,R. Maple,710617.99,5092418.89,710627.91,5092420.13,
O10#3,R. Maple,710617.99,5092418.89,710612.70,5092413.30,
O11#1,R. Maple,710592.93,5092418.04,710593.71,5092418.24,
O11#2,R. Maple,710592.93,5092418.04,710591.02,5092413.97,
O11#3,R. Maple,710592.93,5092418.04,710587.76,5092421.46,
O12#1,R. Maple,710542.83,5092416.33,710543.86,5092412.47,
O12#2,R. Maple,710542.83,5092416.33,710543.11,5092417.50,
O12#3,R. Maple,710542.83,5092416.33,710541.38,5092409.48,
P1#1,Y. Birch,711147.51,5092336.96,711149.91,5092337.00,
P1#2,S. Maple,711147.51,5092336.96,711149.04,5092332.40,
P1#3,R. Maple,711147.51,5092336.96,711151.39,5092334.68,
P2#1,R. Pine,711122.46,5092336.10,711127.21,5092340.24,
P2#2,S. Alder,711122.46,5092336.10,711124.93,5092333.91,
P2#3,S. Maple,711122.46,5092336.10,711126.65,5092335.91,
P3#1,S. Maple,711072.35,5092334.39,711074.29,5092331.59,
P3#2,S. Maple,711072.35,5092334.39,711077.62,5092330.41,
P3#3,R. Pine,711072.35,5092334.39,711074.48,5092335.26,
P4#1,S. Maple,710972.14,5092330.96,710972.54,5092331.77,
P4#2,S. Maple,710972.14,5092330.96,710968.57,5092333.70,
P4#3,S. Maple,710972.14,5092330.96,710972.05,5092326.76,
P5#1,R. Pine,710947.09,5092330.10,710948.02,5092326.84,
P5#2,R. Pine,710947.09,5092330.10,710947.80,5092332.18,
P5#3,B. Fir,710947.09,5092330.10,710948.26,5092329.83,
P6#1,R. Pine,710896.98,5092328.39,710903.55,5092330.82,
P6#2,R. Pine,710896.98,5092328.39,710898.92,5092324.44,
P6#3,S. Maple,710896.98,5092328.39,710904.56,5092325.82,
P7#1,S. Maple,710796.77,5092324.97,710795.79,5092323.97,
P7#2,S. Maple,710796.77,5092324.97,710793.45,5092319.03,
P7#3,S. Maple,710796.77,5092324.97,710802.12,5092319.30,
P8#1,S. Maple,710771.71,5092324.11,710772.41,5092320.48,
P8#2,Y. Birch,710771.71,5092324.11,710768.50,5092325.50,
P8#3,R. Maple,710771.71,5092324.11,710774.75,5092326.72,
P9#1,S. Maple,710721.61,5092322.40,710726.65,5092321.13,
P9#2,S. Maple,710721.61,5092322.40,710717.39,5092326.95,
P9#3,S. Maple,710721.61,5092322.40,710721.39,5092312.71,
P10#1,R. Maple,710621.40,5092318.98,710617.19,5092321.87,
P10#2,S. Maple,710621.40,5092318.98,710618.17,5092317.17,
P10#3,S. Maple,710621.40,5092318.98,710622.16,5092316.82,
P11#1,R. Maple,710596.34,5092318.13,710595.66,5092312.87,
P11#2,S. Maple,710596.34,5092318.13,710595.36,5092310.49,
P11#3,S. Maple,710596.34,5092318.13,710600.38,5092313.69,
P12#1,R. Maple,710546.24,5092316.42,710550.23,5092322.89,
P12#2,R. Maple,710546.24,5092316.42,710546.99,5092311.58,
P12#3,S. Maple,710546.24,5092316.42,710552.84,5092317.54,
Q1#1,Aspen,711148.37,5092311.98,711144.67,5092308.33,
Q1#2,Y. Birch,711148.37,5092311.98,711150.40,5092312.51,
Q1#3,R. Pine,711148.37,5092311.98,711151.29,5092310.69,
Q2#1,S. Maple,711123.31,5092311.12,711124.16,5092311.97,
Q2#2,W. Birch,711123.31,5092311.12,711122.21,5092301.18,
Q2#3,R. Pine,711123.31,5092311.12,711126.02,5092308.04,
Q3#1,R. Pine,711073.21,5092309.41,711072.39,5092310.15,
Q3#2,R. Pine,711073.21,5092309.41,711072.22,5092309.59,
Q3#3,S. Maple,711073.21,5092309.41,711075.61,5092310.40,
Q4#1,R. Pine,710972.99,5092305.98,710968.07,5092304.01,
Q4#2,R. Pine,710972.99,5092305.98,710969.94,5092306.93,
Q4#3,S. Maple,710972.99,5092305.98,710973.82,5092306.55,
Q5#1,R. Pine,710947.94,5092305.13,710948.14,5092305.80,
Q5#2,R. Pine,710947.94,5092305.13,710950.93,5092303.99,
Q5#3,S. Maple,710947.94,5092305.13,710944.63,5092300.86,
Q6#1,S. Maple,710897.83,5092303.41,710898.65,5092305.13,
Q6#2,R. Maple,710897.83,5092303.41,710897.04,5092307.03,
Q6#3,B. Fir,710897.83,5092303.41,710899.11,5092301.50,
Q7#1,R. Maple,710797.62,5092299.99,710791.60,5092304.79,
Q7#2,Blk. Ash,710797.62,5092299.99,710802.67,5092304.55,
Q7#3,R. Maple,710797.62,5092299.99,710791.11,5092298.03,
Q8#1,R. Maple,710772.57,5092299.14,710777.56,5092301.67,
Q8#2,S. Maple,710772.57,5092299.14,710777.54,5092302.12,
Q8#3,Y. Birch,710772.57,5092299.14,710780.29,5092298.04,
Q9#1,S. Maple,710722.46,5092297.43,710722.30,5092290.13,
Q9#2,S. Maple,710722.46,5092297.43,710721.92,5092296.70,
Q9#3,S. Maple,710722.46,5092297.43,710727.73,5092289.52,
Q10#1,R. Maple,710622.25,5092294.01,710621.99,5092293.70,
Q10#2,S. Maple,710622.25,5092294.01,710617.77,5092292.03,
Q10#3,S. Maple,710622.25,5092294.01,710627.25,5092293.96,
Q11#1,S. Maple,710597.19,5092293.15,710596.90,5092297.64,
Q11#2,R. Maple,710597.19,5092293.15,710603.26,5092294.86,
Q11#3,S. Maple,710597.19,5092293.15,710590.99,5092287.94,
Q12#1,R. Maple,710547.09,5092291.44,710544.29,5092291.64,
Q12#2,R. Maple,710547.09,5092291.44,710544.39,5092291.27,
Q12#3,R. Maple,710547.09,5092291.44,710541.84,5092295.77,
R1#1,B. Aspen,711150.08,5092262.02,711155.92,5092260.65,
R1#2,S. Maple,711150.08,5092262.02,711147.89,5092257.75,
R1#3,R. Maple,711150.08,5092262.02,711150.44,5092261.42,
R2#1,S. Maple,711125.02,5092261.17,711122.66,5092264.64,
R2#2,W. Birch,711125.02,5092261.17,711121.84,5092260.30,
R2#3,R. Pine,711125.02,5092261.17,711127.75,5092260.53,
R3#1,S. Maple,711074.91,5092259.45,711074.43,5092262.41,
R3#2,S. Maple,711074.91,5092259.45,711076.99,5092263.10,
R3#3,B. Fir,711074.91,5092259.45,711070.78,5092266.42,
R4#1,S. Maple,710974.70,5092256.03,710978.32,5092259.02,
R4#2,R. Pine,710974.70,5092256.03,710976.25,5092264.49,
R4#3,R. Pine,710974.70,5092256.03,710969.13,5092258.97,
R5#1,S. Maple,710949.65,5092255.17,710948.48,5092253.67,
R5#2,S. Maple,710949.65,5092255.17,710954.95,5092253.37,
R5#3,S. Maple,710949.65,5092255.17,710943.57,5092253.52,
R6#1,S. Maple,710899.54,5092253.46,710896.50,5092254.46,
R6#2,S. Maple,710899.54,5092253.46,710902.42,5092258.95,
R6#3,S. Maple,710899.54,5092253.46,710893.55,5092250.94,
R6#4,Basswood,710899.54,5092253.46,710897.93,5092245.83,
R6#5,Basswood,710899.54,5092253.46,710890.77,5092252.76,
R6#6,Basswood,710899.54,5092253.46,710896.59,5092244.64,
R7#1,S. Maple,710799.33,5092250.04,710798.24,5092245.67,
R7#2,S. Maple,710799.33,5092250.04,710795.03,5092249.11,
R7#3,S. Maple,710799.33,5092250.04,710799.00,5092249.81,
R7#4,Basswood,710799.33,5092250.04,710797.47,5092259.25,
R7#5,Basswood,710799.33,5092250.04,710793.14,5092248.05,
R8#1,S. Maple,710774.27,5092249.18,710775.54,5092250.60,
R8#2,S. Maple,710774.27,5092249.18,710773.53,5092251.88,
R8#3,S. Maple,710774.27,5092249.18,710769.53,5092246.40,
R9#1,S. Maple,710724.17,5092247.47,710723.58,5092247.33,
R9#2,S. Maple,710724.17,5092247.47,710724.65,5092243.10,
R9#3,S. Maple,710724.17,5092247.47,710729.97,5092248.99,
R9#4,Basswood,710724.17,5092247.47,710733.12,5092246.60,
R9#5,Basswood,710724.17,5092247.47,710734.07,5092246.06,
R10#1,R. Maple,710623.95,5092244.05,710623.63,5092245.21,
R10#2,R. Maple,710623.95,5092244.05,710623.01,5092243.71,
R10#3,R. Maple,710623.95,5092244.05,710624.43,5092251.23,
R11#1,R. Maple,710598.90,5092243.19,710596.61,5092243.01,
R11#2,R. Maple,710598.90,5092243.19,710599.85,5092242.87,
R11#3,R. Maple,710598.90,5092243.19,710600.53,5092244.36,
R12#1,R. Maple,710548.79,5092241.49,710547.77,5092243.88,
R12#2,S. Maple,710548.79,5092241.49,710552.59,5092241.62,
R12#3,S. Maple,710548.79,5092241.49,710549.76,5092238.75,
S1#1,B. Aspen,711153.49,5092162.11,711148.62,5092161.63,
S1#2,S. Maple,711153.49,5092162.11,711151.23,5092161.71,
S1#3,R. Maple,711153.49,5092162.11,711152.29,5092159.36,
S2#1,S. Maple,711128.44,5092161.25,711128.68,5092161.44,
S2#2,S. Maple,711128.44,5092161.25,711127.56,5092161.44,
S2#3,R. Maple,711128.44,5092161.25,711129.76,5092160.04,
S3#1,Aspen,711078.33,5092159.54,711082.51,5092163.12,
S3#2,Aspen,711078.33,5092159.54,711077.82,5092156.28,
S3#3,S. Maple,711078.33,5092159.54,711078.56,5092164.34,
S4#1,R. Pine,710978.12,5092156.12,710982.31,5092158.01,
S4#2,R. Pine,710978.12,5092156.12,710976.58,5092157.55,
S4#3,S. Maple,710978.12,5092156.12,710971.92,5092158.40,
S5#1,R. Pine,710953.06,5092155.26,710951.25,5092158.71,
S5#2,R. Pine,710953.06,5092155.26,710955.02,5092154.87,
S5#3,S. Maple,710953.06,5092155.26,710951.92,5092155.63,
S6#1,R. Pine,710902.95,5092153.55,710898.20,5092154.22,
S6#2,R. Pine,710902.95,5092153.55,710903.28,5092155.52,
S6#3,S. Maple,710902.95,5092153.55,710904.37,5092155.48,
S7#1,R. Maple,710802.74,5092150.12,710808.64,5092149.07,
S7#2,S. Maple,710802.74,5092150.12,710799.38,5092154.23,
S7#3,R. Maple,710802.74,5092150.12,710803.48,5092158.89,
S7#4,Basswood,710802.74,5092150.12,710807.76,5092157.23,
S8#1,S. Maple,710777.68,5092149.27,710782.15,5092149.82,
S8#2,Blk. Ash,710777.68,5092149.27,710781.26,5092154.33,
S8#3,R. Maple,710777.68,5092149.27,710776.47,5092144.73,
S8#4,Basswood,710777.68,5092149.27,710778.16,5092151.62,
S8#5,Basswood,710777.68,5092149.27,710770.56,5092151.62,
S8#6,Basswood,710777.68,5092149.27,710769.72,5092151.21,
S9#1,R. Maple,710727.58,5092147.56,710728.86,5092146.15,
S9#2,S. Maple,710727.58,5092147.56,710724.39,5092146.69,
S9#3,R. Maple,710727.58,5092147.56,710732.63,5092143.31,
S9#4,Basswood,710727.58,5092147.56,710725.62,5092145.03,
S9#5,Basswood,710727.58,5092147.56,710720.78,5092149.21,
S10#1,S. Maple,710627.36,5092144.14,710627.07,5092146.22,
S10#2,R. Maple,710627.36,5092144.14,710630.97,5092148.55,
S10#3,R. Maple,710627.36,5092144.14,710623.55,5092148.24,
S11#1,R. Maple,710602.31,5092143.28,710602.81,5092136.60,
S11#2,R. Maple,710602.31,5092143.28,710602.95,5092145.39,
S11#3,R. Maple,710602.31,5092143.28,710602.62,5092145.56,
S12#1,R. Maple,710552.20,5092141.57,710553.48,5092135.51,
S12#2,S. Maple,710552.20,5092141.57,710551.72,5092146.25,
S12#3,B. Aspen,710552.20,5092141.57,710554.97,5092141.20,
T1#1,B. Aspen,711154.35,5092137.13,711154.95,5092138.40,
T1#2,B. Aspen,711154.35,5092137.13,711159.53,5092141.98,
T1#3,B. Aspen,711154.35,5092137.13,711156.71,5092142.97,
T2#1,Aspen,711129.29,5092136.28,711126.72,5092133.08,
T2#2,B. Fir,711129.29,5092136.28,711127.38,5092131.44,
T2#3,S. Alder,711129.29,5092136.28,711125.86,5092139.49,
T3#1,S. Maple,711079.18,5092134.56,711079.68,5092134.51,
T3#2,S. Maple,711079.18,5092134.56,711083.30,5092132.74,
T3#3,B. Aspen,711079.18,5092134.56,711083.71,5092138.65,
T4#1,R. Pine,710978.97,5092131.14,710981.12,5092128.77,
T4#2,R. Pine,710978.97,5092131.14,710980.61,5092129.52,
T4#3,S. Maple,710978.97,5092131.14,710975.31,5092132.99,
T5#1,R. Pine,710953.91,5092130.28,710951.53,5092130.58,
T5#2,R. Pine,710953.91,5092130.28,710953.13,5092126.56,
T5#3,S. Maple,710953.91,5092130.28,710954.53,5092133.63,
T6#1,R. Pine,710903.81,5092128.57,710908.92,5092132.08,
T6#2,R. Pine,710903.81,5092128.57,710907.38,5092131.92,
T6#3,S. Maple,710903.81,5092128.57,710905.57,5092132.71,
T7#1,S. Maple,710803.59,5092125.15,710806.66,5092128.70,
T7#2,S. Maple,710803.59,5092125.15,710803.04,5092124.31,
T7#3,S. Maple,710803.59,5092125.15,710804.54,5092129.44,
T7#4,Basswood,710803.59,5092125.15,710801.02,5092121.95,
T7#5,Basswood,710803.59,5092125.15,710799.40,5092119.54,
T7#6,Basswood,710803.59,5092125.15,710810.57,5092130.51,
T8#1,S. Maple,710778.54,5092124.29,710775.30,5092120.74,
T8#2,S. Maple,710778.54,5092124.29,710780.21,5092118.63,
T8#3,S. Maple,710778.54,5092124.29,710773.46,5092131.48,
T8#4,Basswood,710778.54,5092124.29,710781.04,5092124.38,
T8#5,Basswood,710778.54,5092124.29,710781.53,5092121.95,
T8#6,Basswood,710778.54,5092124.29,710771.54,5092124.10,
T9#1,R. Maple,710728.43,5092122.58,710727.89,5092121.86,
T9#2,S. Maple,710728.43,5092122.58,710727.01,5092123.08,
T9#3,R. Maple,710728.43,5092122.58,710730.51,5092127.99,
T9#4,Basswood,710728.43,5092122.58,710730.93,5092113.21,
T10#1,S. Maple,710628.21,5092119.16,710630.47,5092115.27,
T10#2,S. Maple,710628.21,5092119.16,710629.80,5092118.98,
T10#3,S. Maple,710628.21,5092119.16,710624.09,5092116.16,
T11#1,R. Maple,710603.16,5092118.31,710597.26,5092118.41,
T11#2,S. Maple,710603.16,5092118.31,710601.67,5092121.80,
T11#3,B. Fir,710603.16,5092118.31,710605.94,5092116.36,
T12#1,Blk. Ash,710553.05,5092116.60,710554.35,5092116.58,
T12#2,R. Maple,710553.05,5092116.60,710546.85,5092116.43,
T12#3,R. Maple,710553.05,5092116.60,710553.96,5092120.39,
U1#1,Aspen,711156.06,5092087.18,711157.21,5092086.84,
U1#2,Aspen,711156.06,5092087.18,711157.64,5092085.38,
U1#3,B. Fir,711156.06,5092087.18,711157.82,5092085.70,
U2#1,Aspen,711131.00,5092086.32,711131.53,5092085.24,
U2#2,Aspen,711131.00,5092086.32,711131.98,5092083.70,
U2#3,B. Fir,711131.00,5092086.32,711131.03,5092088.52,
U3#1,S. Alder,711080.89,5092084.61,711079.17,5092085.41,
U3#2,S. Alder,711080.89,5092084.61,711082.49,5092084.69,
U3#3,B. Fir,711080.89,5092084.61,711078.48,5092086.71,
U4#1,R. Pine,710980.68,5092081.18,710982.04,5092078.51,
U4#2,R. Pine,710980.68,5092081.18,710977.48,5092087.29,
U4#3,S. Maple,710980.68,5092081.18,710981.11,5092073.59,
U5#1,R. Pine,710955.62,5092080.33,710955.66,5092081.02,
U5#2,R. Pine,710955.62,5092080.33,710958.80,5092081.80,
U5#3,S. Maple,710955.62,5092080.33,710953.88,5092082.89,
U6#1,R. Pine,710905.51,5092078.61,710904.29,5092076.32,
U6#2,R. Pine,710905.51,5092078.61,710906.72,5092074.38,
U6#3,S. Maple,710905.51,5092078.61,710897.11,5092078.54,
U7#1,Blk. Ash,710805.30,5092075.19,710802.45,5092078.67,
U7#2,S. Maple,710805.30,5092075.19,710807.54,5092069.52,
U7#3,S. Maple,710805.30,5092075.19,710803.33,5092078.79,
U7#4,Basswood,710805.30,5092075.19,710811.06,5092077.98,
U8#1,R. Pine,710780.24,5092074.34,710779.50,5092073.15,
U8#2,S. Maple,710780.24,5092074.34,710776.26,5092070.40,
U8#3,S. Maple,710780.24,5092074.34,710785.02,5092069.78,
U8#4,Basswood,710780.24,5092074.34,710784.13,5092069.50,
U9#1,R. Pine,710730.13,5092072.62,710730.66,5092070.49,
U9#2,Blk. Ash,710730.13,5092072.62,710729.05,5092074.88,
U9#3,S. Maple,710730.13,5092072.62,710723.49,5092074.49,
U9#4,Basswood,710730.13,5092072.62,710721.90,5092077.76,
U9#5,Basswood,710730.13,5092072.62,710720.43,5092072.62,
U10#1,R. Pine,710629.92,5092069.20,710627.95,5092065.95,
U10#2,R. Maple,710629.92,5092069.20,710635.36,5092068.43,
U10#3,S. Maple,710629.92,5092069.20,710626.84,5092074.00,
U11#1,R. Maple,710604.86,5092068.35,710603.87,5092074.37,
U11#2,R. Maple,710604.86,5092068.35,710603.69,5092062.26,
U11#3,B. Fir,710604.86,5092068.35,710599.68,5092067.94,
U12#1,Aspen,710554.75,5092066.64,710555.86,5092067.33,
U12#2,B. Fir,710554.75,5092066.64,710554.05,5092062.10,
U12#3,R. Maple,710554.75,5092066.64,710547.78,5092067.95,
V1#1,B. Fir,711159.47,5091987.27,711159.55,5091983.67,
V1#2,Tamarack,711159.47,5091987.27,711157.01,5091988.38,
V1#3,S. Maple,711159.47,5091987.27,711161.74,5091990.80,
V2#1,B. Spruce,711134.42,5091986.41,711131.27,5091987.94,
V2#2,Tamarack,711134.42,5091986.41,711137.61,5091986.21,
V2#3,S. Maple,711134.42,5091986.41,711129.26,5091987.05,
V3#1,W. Cedar,711084.31,5091984.70,711083.30,5091987.63,
V3#2,B. Fir,711084.31,5091984.70,711083.73,5091984.30,
V3#3,W. Pine,711084.31,5091984.70,711075.59,5091986.49,
V4#1,S. Maple,710984.09,5091981.27,710976.30,5091982.59,
V4#2,Aspen,710984.09,5091981.27,710985.45,5091978.37,
V4#3,B. Fir,710984.09,5091981.27,710982.40,5091981.13,
V5#1,B. Fir,710959.04,5091980.41,710957.46,5091981.95,
V5#2,Aspen,710959.04,5091980.41,710954.38,5091981.95,
V5#3,S. Maple,710959.04,5091980.41,710956.61,5091982.49,
V6#1,R. Pine,710908.93,5091978.70,710910.94,5091977.81,
V6#2,R. Pine,710908.93,5091978.70,710911.24,5091975.82,
V6#3,S. Maple,710908.93,5091978.70,710905.06,5091983.42,
V7#1,R. Pine,710808.71,5091975.28,710813.04,5091971.89,
V7#2,S. Maple,710808.71,5091975.28,710813.01,5091972.54,
V7#3,S. Maple,710808.71,5091975.28,710804.22,5091975.00,
V8#1,R. Pine,710783.65,5091974.42,710790.39,5091975.38,
V8#2,Blk. Ash,710783.65,5091974.42,710784.49,5091973.42,
V8#3,R. Maple,710783.65,5091974.42,710777.91,5091972.70,
V9#1,S. Maple,710733.54,5091972.71,710735.74,5091972.75,
V9#2,R. Maple,710733.54,5091972.71,710729.65,5091972.92,
V9#3,S. Maple,710733.54,5091972.71,710738.14,5091972.59,
V10#1,R. Pine,710633.33,5091969.29,710632.72,5091974.36,
V10#2,S. Maple,710633.33,5091969.29,710630.71,5091968.63,
V10#3,B. Fir,710633.33,5091969.29,710637.66,5091973.00,
V11#1,Tamarack,710608.27,5091968.44,710607.87,5091967.31,
V11#2,R. Maple,710608.27,5091968.44,710609.57,5091977.85,
V11#3,B. Fir,710608.27,5091968.44,710604.11,5091977.53,
V12#1,Blk. Ash,710558.16,5091966.73,710555.59,5091960.54,
V12#2,R. Maple,710558.16,5091966.73,710562.58,5091969.65,
V12#3,R. Maple,710558.16,5091966.73,710562.06,5091966.80,
W1#1,Tamarack,711160.33,5091962.29,711160.30,5091960.89,
W1#2,B. Spruce,711160.33,5091962.29,711160.66,5091963.95,
W1#3,B. Spruce,711160.33,5091962.29,711161.66,5091964.04,
W2#1,Tamarack,711135.27,5091961.43,711136.44,5091961.69,
W2#2,B. Spruce,711135.27,5091961.43,711136.97,5091961.46,
W2#3,S. Maple,711135.27,5091961.43,711133.22,5091960.00,
W3#1,W. Pine,711085.16,5091959.72,711084.20,5091958.57,
W3#2,B. Spruce,711085.16,5091959.72,711085.87,5091958.87,
W3#3,Tamarack,711085.16,5091959.72,711078.57,5091960.07,
W4#1,W. Spruce,710984.94,5091956.29,710982.85,5091954.93,
W4#2,W. Spruce,710984.94,5091956.29,710987.41,5091961.21,
W4#3,W. Pine,710984.94,5091956.29,710985.89,5091951.38,
W5#1,R. Pine,710959.89,5091955.44,710953.97,5091958.57,
W5#2,S. Maple,710959.89,5091955.44,710960.69,5091956.03,
W5#3,R. Pine,710959.89,5091955.44,710953.20,5091955.14,
W6#1,R. Pine,710909.78,5091953.72,710908.95,5091956.29,
W6#2,S. Maple,710909.78,5091953.72,710908.10,5091954.61,
W6#3,R. Pine,710909.78,5091953.72,710907.72,5091951.54,
W7#1,R. Pine,710809.56,5091950.30,710806.35,5091952.15,
W7#2,R. Maple,710809.56,5091950.30,710808.13,5091944.06,
W7#3,S. Maple,710809.56,5091950.30,710806.62,5091949.72,
W8#1,R. Pine,710784.51,5091949.45,710787.15,5091947.83,
W8#2,S. Maple,710784.51,5091949.45,710785.93,5091948.71,
W8#3,W. Birch,710784.51,5091949.45,710787.96,5091955.76,
W9#1,R. Pine,710734.40,5091947.73,710733.51,5091949.30,
W9#2,S. Maple,710734.40,5091947.73,710729.34,5091941.67,
W9#3,S. Maple,710734.40,5091947.73,710737.48,5091955.33,
W10#1,W. Birch,710634.18,5091944.31,710636.34,5091950.97,
W10#2,R. Maple,710634.18,5091944.31,710630.03,5091941.52,
W10#3,Blk. Ash,710634.18,5091944.31,710634.17,5091945.21,
W11#1,S. Maple,710609.12,5091943.46,710609.07,5091943.06,
W11#2,S. Maple,710609.12,5091943.46,710611.57,5091941.90,
W11#3,B. Fir,710609.12,5091943.46,710605.56,5091939.95,
W12#1,R. Pine,710559.01,5091941.75,710556.30,5091944.95,
W12#2,S. Maple,710559.01,5091941.75,710556.73,5091948.79,
W12#3,S. Maple,710559.01,5091941.75,710555.52,5091948.72,
X1#1,Tamarack,711162.04,5091912.33,711164.20,5091913.58,
X1#2,Tamarack,711162.04,5091912.33,711157.95,5091915.71,
X1#3,B. Spruce,711162.04,5091912.33,711165.14,5091912.31,
X2#1,B. Spruce,711136.98,5091911.48,711136.09,5091911.36,
X2#2,Tamarack,711136.98,5091911.48,711136.30,5091913.25,
X2#3,B. Spruce,711136.98,5091911.48,711139.59,5091910.77,
X3#1,Tamarack,711086.87,5091909.76,711086.04,5091908.76,
X3#2,Tamarack,711086.87,5091909.76,711085.87,5091909.72,
X3#3,B. Spruce,711086.87,5091909.76,711087.54,5091909.16,
X4#1,Aspen,710986.65,5091906.34,710982.35,5091906.22,
X4#2,S. Maple,710986.65,5091906.34,710987.75,5091910.60,
X4#3,B. Fir,710986.65,5091906.34,710989.14,5091902.23,
X5#1,R. Pine,710961.60,5091905.48,710961.86,5091900.99,
X5#2,R. Maple,710961.60,5091905.48,710958.20,5091905.48,
X5#3,R. Pine,710961.60,5091905.48,710962.52,5091904.43,
X6#1,R. Pine,710911.49,5091903.77,710910.71,5091902.73,
X6#2,R. Pine,710911.49,5091903.77,710912.71,5091901.82,
X6#3,S. Maple,710911.49,5091903.77,710914.32,5091905.64,
X7#1,R. Pine,710811.27,5091900.35,710811.17,5091900.34,
X7#2,R. Maple,710811.27,5091900.35,710814.35,5091899.51,
X7#3,S. Maple,710811.27,5091900.35,710809.09,5091904.51,
X8#1,R. Pine,710786.21,5091899.49,710789.19,5091898.08,
X8#2,S. Maple,710786.21,5091899.49,710785.32,5091899.37,
X8#3,S. Maple,710786.21,5091899.49,710786.55,5091898.34,
X9#1,R. Pine,710736.10,5091897.78,710733.84,5091900.05,
X9#2,B. Fir,710736.10,5091897.78,710736.17,5091896.08,
X9#3,S. Maple,710736.10,5091897.78,710738.24,5091900.16,
X10#1,R. Maple,710635.88,5091894.36,710638.12,5091892.07,
X10#2,S. Maple,710635.88,5091894.36,710633.21,5091894.00,
X10#3,B. Fir,710635.88,5091894.36,710634.99,5091890.77,
X11#1,S. Maple,710610.83,5091893.50,710611.50,5091895.70,
X11#2,Blk. Ash,710610.83,5091893.50,710609.78,5091890.38,
X11#3,R. Maple,710610.83,5091893.50,710608.39,5091887.91,
X12#1,R. Pine,710560.72,5091891.80,710561.58,5091892.06,
X12#2,S. Maple,710560.72,5091891.80,710556.78,5091894.71,
X12#3,S. Maple,710560.72,5091891.80,710567.98,5091890.36,